Physiology	Rank	Attribute	meanSource	sdSource	meanTaxpool	sdTaxpool	meanInh1	sdInh1	meanAsr	sdAsr	meanInh2	sdInh2
pathogenicity_human	all	pathogenicity human	307.8	0.4216370213557839	830	3.80058475033046	32909.5	170.53266223480148	2672.5	2.223610677354389	39021.2	170.0233970827414
pathogenicity_human	strain	pathogenicity human	306.9	0.31622776601683794	830	4.521553322083512	32910.4	136.49110675140057	2672.5	1.9578900207451218	39021.2	136.65186911759872
