phys	R_squared_mean	R_squared_sd	MSE_mean	MSE_sd	RMSE_mean	RMSE_sd	mean_real_values	min_real_values	max_real_values	sd_real_values
coding_genes	0.731	0.038	706738.125	217633.086	832.958	119.81	3482.58592132505	476	14018	1620.68393105728
genome_size	0.724	0.033	974936121467.766	236471761220.106	981659.091	111960.067	3919077.54558011	580076	16040666	1895143.79059185
growth_temperature	0.659	0.073	58.485	13.347	7.604	0.856	34.0594182453446	-10	121	13.2817519891898
optimal_ph	0.078	0.176	1.072	0.49	1.011	0.236	7.1890635451505	1.65	11	1.10597665210838
width	-0.399	0.626	0.526	0.499	0.671	0.29	0.65909126984127	0.003	10	0.670587095451393
length	-0.935	1.251	39.639	50.044	5.094	3.9	2.27694214876033	0.2	100	6.76207417077176
mutation_rate_per_site_per_generation	-20.909	56.1	4.706	6.482	1.819	1.246	3.24827272727273	0.792	8.38	1.99241058069815
mutation_rate_per_site_per_year	-181.833	491.188	331.583	892.58	10.826	15.434	8.83037037037037	0.07	102	19.7595378102053
