Physiology	Rank	Attribute	meanTP	sdTP	meanFP	sdFP	meanFN	sdFN	meanTN	sdTN	meanMCC	sdMCC
width	all	average	12.2	4.315347288715269	0	0	1.4	4.427188724235731	66.1	0.5676462121975467	0.9	0.31622776601683794
width	all	large	0.9	0.31622776601683794	0	0	0.1	0.31622776601683794	78.7	0.9486832980505138	0.9	0.31622776601683794
width	all	small	63.3	5.735852159879995	0	0	1.9	6.008327554319921	14.5	0.7071067811865476	0.9560509699286865	0.13897903598058284
