Metric	mean	sd
MSE	58.6814784446031	12.7599652876009
RMSE	7.62237080894288	0.803424403951662
R_squared	0.661809374046937	0.0732854953408891
