physiology	rank	method	attribute	mean	sd
spore shape	all	phytools-ltp	coccus	-0.00344827586206896	0.0109044057247185
spore shape	all	phytools-ltp	elliptic	0.148255835456782	0.376463737816934
spore shape	all	phytools-ltp	endospore	0.0964171343971063	0.191789006144249
